feature,VIF
gdp_growth_calc,1.076993781604202
log_gdp_pc,8.607481764871883
internet_penetration,3.2700395667678404
inflation_rate,1.0617822857243928
hdi,10.978284177498736
pop_growth,1.3617196928185265
relative_co2_intensity,1.0008746197742908
