feature,perm_importance
log_gdp_pc,0.19353035330583485
hdi,0.16338884766009326
pop_growth,0.07285446600802499
relative_co2_intensity,0.07271519266724422
internet_penetration,0.07129898306830333
inflation_rate,0.021212731776689385
gdp_growth_calc,0.013259595676447484
