income_groups,n,R2,RMSE,mean_residual
high_income,934.0,0.26918958791023306,10.929471964539172,-0.22588469865807548
low_income,426.0,0.039729753907550514,28.30463356759253,1.8141512957846673
lower_middle_income,750.0,0.006741514052294617,22.811322091657612,-1.7994307734923063
upper_middle_income,876.0,0.10050408941665989,17.26000331257042,-0.15218914061950856
